idPk,name,description,expirationDate,OrganizationsIdPk
1,"No se tiene registro","No se tiene registro",2018-02-01,1
2,"No se tiene registro","No se tiene registro",2018-02-01,10
3,"No se tiene registro","No se tiene registro",2018-02-01,6
4,"No se tiene registro","No se tiene registro",2018-02-01,7
5,"No se tiene registro","No se tiene registro",2018-02-01,4
6,"No se tiene registro","No se tiene registro",2018-02-01,11
7,"No se tiene registro","No se tiene registro",2018-02-01,8
8,"No se tiene registro","No se tiene registro",2018-02-01,9
9,"No se tiene registro","No se tiene registro",2018-02-01,14
10,"No se tiene registro","No se tiene registro",2018-02-01,5
11,"No se tiene registro","No se tiene registro",2018-02-01,3
12,"No se tiene registro","No se tiene registro",2018-02-01,15
13,"No se tiene registro","No se tiene registro",2018-02-01,22
14,"No se tiene registro","No se tiene registro",2018-02-01,17
15,"No se tiene registro","No se tiene registro",2018-02-01,21
16,"No se tiene registro","No se tiene registro",2018-02-01,16
17,"No se tiene registro","No se tiene registro",2018-02-01,24
18,"No se tiene registro","No se tiene registro",2018-02-01,25
19,"No se tiene registro","No se tiene registro",2018-02-01,26
20,"No se tiene registro","No se tiene registro",2018-02-01,23
21,"No se tiene registro","No se tiene registro",2018-02-01,27
22,"No se tiene registro","No se tiene registro",2018-02-01,28
23,"No se tiene registro","No se tiene registro",2018-02-01,29
24,"No se tiene registro","No se tiene registro",2018-02-01,33
25,"No se tiene registro","No se tiene registro",2018-02-01,31
26,"No se tiene registro","No se tiene registro",2018-02-01,30
27,"No se tiene registro","No se tiene registro",2018-02-01,34
28,"No se tiene registro","No se tiene registro",2018-02-01,32
29,"No se tiene registro","No se tiene registro",2018-02-01,35
30,"No se tiene registro","No se tiene registro",2018-02-01,36
31,"No se tiene registro","No se tiene registro",2018-02-01,37
32,"No se tiene registro","No se tiene registro",2018-02-01,38
33,"No se tiene registro","No se tiene registro",2018-02-01,2
34,"No se tiene registro","No se tiene registro",2018-02-01,40
35,"No se tiene registro","No se tiene registro",2018-02-01,43
36,"No se tiene registro","No se tiene registro",2018-02-01,45
37,"No se tiene registro","No se tiene registro",2018-02-01,44
38,"No se tiene registro","No se tiene registro",2018-02-01,46
39,"No se tiene registro","No se tiene registro",2018-02-01,42
40,"No se tiene registro","No se tiene registro",2018-02-01,41
41,"No se tiene registro","No se tiene registro",2018-02-01,47
42,"No se tiene registro","No se tiene registro",2018-02-01,48
43,"No se tiene registro","No se tiene registro",2018-02-01,49
44,"No se tiene registro","No se tiene registro",2018-02-01,51
45,"No se tiene registro","No se tiene registro",2018-02-01,52
46,"No se tiene registro","No se tiene registro",2018-02-01,53
47,"No se tiene registro","No se tiene registro",2018-02-01,54
48,"No se tiene registro","No se tiene registro",2018-02-01,50
49,"No se tiene registro","No se tiene registro",2018-02-01,55
50,"No se tiene registro","No se tiene registro",2018-02-01,57
51,"No se tiene registro","No se tiene registro",2018-02-01,56
52,"No se tiene registro","No se tiene registro",2018-02-01,58
53,"No se tiene registro","No se tiene registro",2018-02-01,59
54,"No se tiene registro","No se tiene registro",2018-02-01,62
55,"No se tiene registro","No se tiene registro",2018-02-01,64
56,"No se tiene registro","No se tiene registro",2018-02-01,63
57,"No se tiene registro","No se tiene registro",2018-02-01,65
58,"No se tiene registro","No se tiene registro",2018-02-01,61
59,"No se tiene registro","No se tiene registro",2018-02-01,60
60,"No se tiene registro","No se tiene registro",2018-02-01,66
61,"No se tiene registro","No se tiene registro",2018-02-01,67
62,"No se tiene registro","No se tiene registro",2018-02-01,68
63,"No se tiene registro","No se tiene registro",2018-02-01,72
64,"No se tiene registro","No se tiene registro",2018-02-01,74
65,"No se tiene registro","No se tiene registro",2018-02-01,73
66,"No se tiene registro","No se tiene registro",2018-02-01,69
67,"No se tiene registro","No se tiene registro",2018-02-01,75
68,"No se tiene registro","No se tiene registro",2018-02-01,71
69,"No se tiene registro","No se tiene registro",2018-02-01,76
70,"No se tiene registro","No se tiene registro",2018-02-01,70
71,"No se tiene registro","No se tiene registro",2018-02-01,78
72,"No se tiene registro","No se tiene registro",2018-02-01,77
73,"No se tiene registro","No se tiene registro",2018-02-01,79
74,"No se tiene registro","No se tiene registro",2018-02-01,81
75,"No se tiene registro","No se tiene registro",2018-02-01,80
