idPk;dni;name;email;web;telephone;legalRepresentative;assembly;socialNetworks;wazeAddress;schedule;reaches;mision;vision;objetive;dayOperations;isAproved;isChecked;isDeleted;organizationsTypesidPk
1;"No brinda información";" Asociación Central Pro-Ayuda de la Persona con Discapacidad de Palmares - APRADIS ";" apradis@apradis.org / aprad@ice.co.cr ";" www.apradis.org ";" 2453-3373";"No brinda información";[];{'facebook': 'https://www.facebook.com/apradis/'};['https://www.google.com/maps/place/Parque+Palmares/@10.0201517,-84.2160758,17z/data=!3m1!4b1!4m5!3m4!1s0x8fa0f9db3ac74b7d:0x2767c19c1a5fbe02!8m2!3d10.0201464!4d-84.2138817'];"n";"Contribuir a la integración de las personas con discapacidad del Cantón de Palmares, a través de la prestación de ayudas técnicas que les faciliten una mejor calidad de vida para lograr su reincorporación en el campo de la salud, educación, laboral, familiar y emocional.";"Brinda apoyo a las personas con discapacidad en condiciones de pobreza extrema, dichos apoyos son para procurar igualdad de oportunidades en el proceso educativo, en la salud, el transporte mediante la utilización de recursos económicos y un banco de ayudas técnicas de esta manera contribuir a mejorar la calidad de vida de esta persona.";"La Asociación Pro-Ayuda a la persona con discapacidad del cantón de Palmares será reconocida como una institución de bienestar Social que contribuirá en alcanzar en un 100% una mejor calidad de vida para personas con discapacidad facilitando el proceso de integración en diferentes campos como: educación, salud, laboral, cultural, accesibilidad, recreación y espiritual a toda la población con discapacidad del Cantón de Palmares. Se brindaron servicios de forma eficiente y eficaz haciendo uso de la tecnología moderna y fortaleciendo los servicios que se hacen actualmente.";"No tienen.";{};1;1;0;1
2;"No brinda información";" Alquiler Médicos ByB ";" bolivarblancoa@gmail.com ";" No poseen. ";" 2441-8176 8378-7676 8808-7777";"No brinda información";[];{};['https://www.google.com/maps/place/Urbanizacion+Juan+Santamar%C3%ADa,+Provincia+de+Alajuela,+Alajuela,+Costa+Rica/@10.005253,-84.2402805,17z/data=!3m1!4b1!4m5!3m4!1s0x8fa0f848a1bd784b:0xfbf5c3dd3dfa6b24!8m2!3d10.0052477!4d-84.2380864'];"n";"Brindar equipo medico en alquiler para beneficio de personas de escasos recursos económicos.";"Brindar equipo medico en alquiler para beneficio de personas de escasos recursos económicos.";"No poseen.";"No poseen.";{};1;1;0;4
3;"No brinda información";" Asociación Costarricense de Distrofia Muscular, ACODIM. ";" ";" No tienen. ";" 2237-7009 8394-8495";"No brinda información";[];{};['https://www.google.es/maps/place/CONAPDIS/@9.9722902,-84.1240795,13z/data=!4m8!1m2!2m1!1sconapdis,+heredia,+costa+rica!3m4!1s0x0:0xeb55130f758b9540!8m2!3d9.9652367!4d-84.1121435'];"n";"Buscar y Proveer de equipo técnico a las personas que lo ocupen.";"Dar calidad de vida a los pacientes brindando productos y ayuda como sillas y camas.";"Ser una de las mejores asociación en proveer soluciones en equipo técnico para familias en situación de pobreza.";"Dar calidad de vida al paciente. ayudándolos a conseguir implementos o productos médicos como parte de apoyo a ellos.";{};1;1;0;1
4;"No brinda información";" Sear Médica ";" searmedicacartago@hotmail.com ";" www.searmedica.com ";" 2552-9539 8823-8136";"No brinda información";[];{'facebook': 'https://www.facebook.com/Equipo-M%C3%A9dico-SEAR-Medica-178670885487815/'};[];"n";"No dieron dicha información";"SEAR Médica, es una empresa costarricense dedicada al sector salud, siendo una suplidora de equipo y suministros médicos contamos con un taller de reparación y repuestos de nuestros equipos. También le ofrecemos alquiler de equipo médico.";"Estamos enfocados en ser a corto plazo una de las empresas líderes de Costa Rica, en la venta de equipo y suministros médicos.";"No dieron dicha información";{};1;1;0;4
5;"No brinda información";" Ortopédica Garbanzo ";" info@ortopedicagarbanzo@gmail.com ";" www.ortopedicagarbanzo.com ";" 2223-8235 4030-3763 8615-0208";"No brinda información";[];{'facebook': '', 'instagram': '', 'twitter': '', 'youtube': ''};['https://www.google.es/maps/place/Ortop%C3%A9dica+Garbanzo/@9.9300653,-84.0783685,17z/data=!3m1!4b1!4m5!3m4!1s0x8fa0e36667818895:0xe66e2390a495a82f!8m2!3d9.9300653!4d-84.0761798'];"n";"Ofrecer el producto ortopédico que se necesita con un respaldo y servicio de calidad.";"Ofrecer más que un producto ortopédico una experiencia de compra con un servicio y producto de calidad que busque siempre el bienestar de nuestros clientes.";"Ser la primera opción para los clientes en cuanto a la adquisición de productos ortopédicos, ofreciendo calidad tanto en producto como en servicio.";""No se brindó información Señale el tipo de oferente del producto de apoyo: Es Institución Pública: ( ) Es Municipalidad ( ) Es Empresa Privada: ( x ) Es Organización no Gubernamental: ( ) Nombre del producto de apoyo: Indique el nombre completo del producto de apoyo, como lo enuncia la entidad que lo brinda. Cojín coxis 7. Uso y aplicaciones del producto de apoyo: Describa ampliamente el producto de apoyo, tomando en cuenta los siguientes aspectos: Características principales: Confeccionado con dos estructura de 2 diferentes espumas de poliuretano. Forrado en durables telas especiales para asientos. Funciones: Brinda soporte confort y frescura. Su diseño con orificio al centro, evita el roce de la superficie con el área del coxis. Es liviano y fácil de transportar. Usos: Para uso diario Es apoyo para la movilidad: ( ) Entorno educativo: ( ) Recreación: ( ) Deporte: ( ) Salud ( x ) Laboral: ( x ) Para actividades de la vida diaria básicas o Instrumentales: ( x ) Otros: ( ) (indicar información que permita su clasificación según Norma ISO 9999) _______________________________________________ Localización del producto de apoyo: Indique los siguientes datos del lugar donde se ubica el producto de apoyo. Tiene 2 sucursales (Heredia, San José) Heredia: Provincia: Heredia Cantón: Heredia Distrito: Central Dirección exacta: Avenida 6 y 8, calle 12. San José: Avenida 8 y 10, calle 7 Del Palacio de los Deportes 250 metros Sur. San José: Provincia: San José Cantón: Central Distrito: Soledad Dirección exacta: Detrás de la C.C.S.S, 350 metros al Sur. telelelelele San José: 2223-8235 Heredia: 4030-3763 Whatsapp de la empresa: 8615-0208 Fax 4030-3763/ 2223-8235 Dirección de correo electrónico: info@ortopedicagarbanzo@gmail.com Web del servicio: www.ortopedicagarbanzo.com Redes sociales: Facebook, Pinterest, Instagram, Twitter, Google maps, YouTube; como: ortopédica garbanzo san josé, ortopédica garbanzo Heredia. Dirección waze: https://www.google.es/maps/place/Ortop%C3%A9dica+Garbanzo/@9.9300653,-84.0783685,17z/data=!3m1!4b1!4m5!3m4!1s0x8fa0e36667818895:0xe66e2390a495a82f!8m2!3d9.9300653!4d-84.0761798 Características generales, uso, aplicaciones y existencia del producto de apoyo: Describa ampliamente la siguiente información sobre el producto de apoyo. Costo del producto de apoyo: 23.000 CRC (nacional) 2000 (Chileno) 3000 (Renolife) Opciones similares a ese producto: Marca(s): Nacional, Blunding, Renolife Garantía: Un mes por uso. El producto se mantiene en el stock Si ( x ) No ( ) Si no hay en stock, ¿importan el producto?: Si ( ) No ( ) Tiempo de duración del trámite de importación: De 22 días a un mes hábil. La garantía es igual, si el producto es importado: Si ( ) No ( x ) Stock de repuestos y durabilidad del producto: La durabilidad varía según el uso. Lo recomendado es cambiarlo cada 6 a 12 meses. El personal de la empresa asesora sobre el uso del producto en caso de requerirse, entre otros. Si ( x ) No ( ) Imágenes: Adjunta 10. Perfil de la persona usuaria: Detalle las principales características de las personas usuarias a las cuales se dirige el producto. Género: Hombre ( x ) Mujer ( x ) Grupo etario (edad): Toda edad Tipo de discapacidad: Todas las que requieran. Otra: No. Procedimiento, requisitos y trámites (describa todas las acciones que se deben llevar a cabo para solicitar y obtener el producto de apoyo. Refiérase a formas para llevar a cabo la solicitud y/o envío de los mismos, sea por medio de correo electrónico, página web, redes sociales, apartado postal, llamadas a servicio al cliente, profesional a cargo, según corresponda). Visitar nuestras dos sucursales. ¿Cómo hacen los envíos?: correo electrónico ( ) página web ( ) redes sociales ( x ) apartado postal ( x ) llamadas a servicio al cliente ( x ) otros ( x ) ¿cuál? Correo, Whatsapp. Persona a cargo del envío: Solangie Segura (Heredia) Flor Garbanzo (San José) 12. Horario: Indique el horario y forma de atención, aSi como los días de la semana que atienden para la obtención de productos de apoyo. En San José y Heredia: Horario: Lunes a Viernes 9:00 a.m. a 5:30 p.m. Sábado 9:00 a.m a 2:00 p.m. Días de la semana en que se pueden realizar trámites: Lunes a Viernes. Forma de atención: Virtual: ( x ) Presencial: ( x ) Ambas: ( x ) 13. Observaciones: Consignar en este último apartado, algún detalle o característica del producto de apoyo, que no quede reflejado en los ítems anteriores de esta ficha. Se da servicio médico fisiatra, para que el doctor evalúe a la persona que requiere los zapatos, con cita previa. Para uso interno (BVA Consultores): 14. Clasificación del producto de apoyo: Según información de la pregunta N° 7 y la Norma UNE-EN ISO 9999:2011 Productos de apoyo para Personas con Discapacidad Clasificación y Terminología: Clase: 18 Mobiliario y Adaptaciones para viviendas y otros locales Subclase: 1810 Accesorios de mobiliario para sentarse"";{};1;1;0;4
6;"No brinda información";" Synapsis Medical, Tienda Ortopédica Y Equipo Medico ";" synapsis_medical@hotmail.com ortopedicasynapsismedical@outlook.es ";" No poseen. ";" 2710-1723 2711-3409 8434-5421";"No brinda información";[];{'facebook': 'https://www.facebook.com/synapsismedicalcr/'};['https://www.google.com.mx/maps/search/hospital+de+guapiles,+limon/@10.1799998,-83.7295353,10z/data=!3m1!4b1'];"n";"Brindar productos ortopédicos de calidad a nuestros clientes. y asesorar al usuario sobre utilizar insumos ortopédicos que puedan evitar lesiones a futuro.";"Poder brindar una mejor calidad de vida a las personas, adultos mayores, personas con habilidades especiales, Niños, Adultos. Prevenir o minimizar con nuestros aparatos ortopédicos, deformidades a nivel de hueso o ligamentos causados por traumas o enfermedades genéticas.";"Ser la mejor tienda ortopedica asesorando a nuestros usuarios, además de tener precios accesibles y contar con el equipo suficiente para suministrar a todos nuestros usuarios.";"Brindar el mejor servicio a nuestros usuarios. Educar a la población a cuidar más su salud.";{};1;1;0;4
7;"No brinda información";" Asociación pro Hospital Nacional de Geriatría y Gerontología Dr. Raúl Blanco Cervantes, APRONAGE. ";" apronage@gmail.com ";" http://www.apronage.or.cr ";" 2257-5062 2255-3147";"No brinda información";[];{'facebook': 'https://www.facebook.com/pg/APRONAGE-336415016501350'};['https://www.google.com/maps/place/Hospital+Dr.+Raúl+Blanco+Cervantes/@9.93167,-84.0897775,17z/data=!3m1!4b1!4m5!3m4!1s0x8fa0e35bb094faad:0x12f8c29c61472d9a!8m2!3d9.9316647!4d-84.0875888'];"n";" NACIONAL DE PERSONAS CON DISCAPACIDAD -CONAPDIS- BVA CONSULTORES CATÁLOGO DE PRODUCTOS Y SERVICIOS DE APOYO PARA PERSONAS CON DISCAPACIDAD Y SUS FAMILIAS, DISPONIBLES EN COSTA RICA. ___________________________________________________________________ Ficha Técnica PRODUCTOS DE APOYO PARA PERSONAS CON DISCAPACIDAD Y SUS FAMILIAS Datos de la persona que aplica la ficha técnica: Nombre de la persona que llena la ficha técnica: Jorge Robert Profesión u ocupación: Director Ejecutivo Correo electrónico: gerencia@apronage.or.cr Fecha de llenado: 29-09-2017 Fuentes de Información: Cite las fuentes de información utilizadas para el llenado de la ficha técnica de la entidad. Entrevista Telefónica Nombre del ente que brinda el servicio de apoyo (institución, municipalidad, empresa u organización no gubernamental): Asociación pro Hospital Nacional de Geriatría y Gerontología Dr. Raúl Blanco Cervantes, APRONAGE. 4. Descripción del ente: Objetivos: APRONAGE trabaja desde 1993 con el único objetivo de ayudar al Hospital Nacional de Geriatría y Gerontología. La asociación cuenta con una Junta Directiva que trabaja ad honorem y una oficina que nació con la idea de operar eficientemente. APRONAGE maneja tanto el flujo de donaciones como una serie de programas que benefician también a la población que atiende el Hospital. No tiene la potestad de desviar recursos a otros destinos. Señale el tipo de oferente del servicio de apoyo: Es Institución Pública: ( ) Municipalidad ( ) Es Empresa Privada: ( ) Es Organización no Gubernamental: ( x ) Nombre del producto de apoyo: Indique el nombre completo del servicio de apoyo que se brinda Préstamo de equipo especial: Sillas Ruedas No ortopedica 7. Uso y aplicaciones del producto de apoyo: Describa ampliamente el producto de apoyo, tomando en cuenta los siguientes aspectos: Características principales: Dar soporte al usuario para su movilidad. Funciones: Dar soporte al usuario para su movilidad. Usos: Es apoyo para la movilidad: ( x ) Entorno educativo: ( ) Recreación: ( ) Deporte: ( ) Salud ( ) Laboral: ( ) Para actividades de la vida diaria básicas o Instrumentales: ( x ) Otros: ( ) (indicar información que permita su clasificación según Norma ISO 9999): Localización del producto de apoyo: Indique los siguientes datos del lugar donde se ubica el producto de apoyo. Provincia: San José Cantón: Central Distrito: Central Dirección exacta: En las instalaciones del hospital Raúl Blanco Cervantes telelelelele 2257-5062 , 2255-3147 Fax No existe. Dirección de correo electrónico: apronage@gmail.com Web del servicio: http://www.apronage.or.cr Redes sociales: https://www.facebook.com/pg/APRONAGE-336415016501350 Dirección waze: https://www.google.com/maps/place/Hospital+Dr.+Raúl+Blanco+Cervantes/@9.93167,-84.0897775,17z/data=!3m1!4b1!4m5!3m4!1s0x8fa0e35bb094faad:0x12f8c29c61472d9a!8m2!3d9.9316647!4d-84.0875888 Ubicación (citar dentro de qué entidad está ubicado el servicio): Dentro de las instalaciones del hospital. Características generales, uso, aplicaciones y existencia del producto de apoyo: Describa ampliamente la siguiente información sobre el producto de apoyo. Costo del producto de apoyo: No se especifica. Opciones similares a ese producto: No se especifica. Marca (s): No se especifica. Garantía: Se reemplaza la unidad en caso de desperfecto. El producto se mantiene en el stock: Si ( x ) No ( ) Si no hay en stock, ¿importan el producto?: Si ( ) No ( x ) Tiempo de duración del trámite de importación: No aplica. La garantía es igual, si el producto es importado: No se especifica. Stock de repuestos y durabilidad del producto: No se especifica. El personal de la empresa asesora sobre el uso del producto en caso de requerirse, entre otros. Si ( x ) No ( ) Imágenes: Adjunta 10. Perfil de la persona usuaria: Detalle las principales características de las personas usuarias a las cuales se dirige el producto. Género: Hombre ( x ) Mujer ( x ) Grupo etario (edad): Adulto mayor Tipo de discapacidad: Cualquiera Otra: Debe ser paciente exclusivo del Hospital Geriátrico. 11. Procedimiento, requisitos y trámites (describa todas las acciones que se deben llevar a cabo para solicitar y obtener el producto de apoyo. Refiérase a formas para llevar a cabo la solicitud y/o envío de los mismos, sea por medio de correo electrónico, página web, redes sociales, apartado postal, llamadas a servicio al cliente, profesional a cargo, según corresponda). El paciente debe ser referido por el Hospital Geriátrico. La trabajadora Social determinará si el producto se puede prestar o no. 12. Horario: Indique el horario y forma de atención, aSi como los días de la semana que atienden para la obtención de productos de apoyo. Horario: 8:00 a 4:00 Lunes a Viernes Forma de atención: Virtual: ( ) Presencial: ( x ) Ambas: ( ) Días de la semana en que se pueden realizar trámites: 8:00 a 4:00 Lunes a Viernes 13. Observaciones: Consignar en este último apartado, algún detalle o característica del producto de apoyo, que no quede reflejado en los ítems anteriores de esta ficha. No hay. Para uso interno (BVA Consultores): 14. Clasificación del producto de apoyo: Según información de la pregunta N° 7 y la Norma UNE-EN ISO 9999:2011 Productos de apoyo para Personas con Discapacidad Clasificación y Terminología: Clase: 12 Productos de apoyo para la movilidad personal Subclase: 1222 Sillas de ruedas manuale";"NACIONAL DE PERSONAS CON DISCAPACIDAD -CONAPDIS- BVA CONSULTORES CATÁLOGO DE PRODUCTOS Y SERVICIOS DE APOYO PARA PERSONAS CON DISCAPACIDAD Y SUS FAMILIAS, DISPONIBLES EN COSTA RICA. ___________________________________________________________________ Ficha Técnica PRODUCTOS DE APOYO PARA PERSONAS CON DISCAPACIDAD Y SUS FAMILIAS Datos de la persona que aplica la ficha técnica: Nombre de la persona que llena la ficha técnica: Jorge Robert Profesión u ocupación: Director Ejecutivo Correo electrónico: gerencia@apronage.or.cr Fecha de llenado: 29-09-2017 Fuentes de Información: Cite las fuentes de información utilizadas para el llenado de la ficha técnica de la entidad. Entrevista Telefónica Nombre del ente que brinda el servicio de apoyo (institución, municipalidad, empresa u organización no gubernamental): Asociación pro Hospital Nacional de Geriatría y Gerontología Dr. Raúl Blanco Cervantes, APRONAGE. 4. Descripción del ente: Objetivos: APRONAGE trabaja desde 1993 con el único objetivo de ayudar al Hospital Nacional de Geriatría y Gerontología. La asociación cuenta con una Junta Directiva que trabaja ad honorem y una oficina que nació con la idea de operar eficientemente. APRONAGE maneja tanto el flujo de donaciones como una serie de programas que benefician también a la población que atiende el Hospital. No tiene la potestad de desviar recursos a otros destinos. Señale el tipo de oferente del servicio de apoyo: Es Institución Pública: ( ) Municipalidad ( ) Es Empresa Privada: ( ) Es Organización no Gubernamental: ( x ) Nombre del producto de apoyo: Indique el nombre completo del servicio de apoyo que se brinda Préstamo de equipo especial: Sillas Ruedas No ortopedica 7. Uso y aplicaciones del producto de apoyo: Describa ampliamente el producto de apoyo, tomando en cuenta los siguientes aspectos: Características principales: Dar soporte al usuario para su movilidad. Funciones: Dar soporte al usuario para su movilidad. Usos: Es apoyo para la movilidad: ( x ) Entorno educativo: ( ) Recreación: ( ) Deporte: ( ) Salud ( ) Laboral: ( ) Para actividades de la vida diaria básicas o Instrumentales: ( x ) Otros: ( ) (indicar información que permita su clasificación según Norma ISO 9999): Localización del producto de apoyo: Indique los siguientes datos del lugar donde se ubica el producto de apoyo. Provincia: San José Cantón: Central Distrito: Central Dirección exacta: En las instalaciones del hospital Raúl Blanco Cervantes telelelelele 2257-5062 , 2255-3147 Fax No existe. Dirección de correo electrónico: apronage@gmail.com Web del servicio: http://www.apronage.or.cr Redes sociales: https://www.facebook.com/pg/APRONAGE-336415016501350 Dirección waze: https://www.google.com/maps/place/Hospital+Dr.+Raúl+Blanco+Cervantes/@9.93167,-84.0897775,17z/data=!3m1!4b1!4m5!3m4!1s0x8fa0e35bb094faad:0x12f8c29c61472d9a!8m2!3d9.9316647!4d-84.0875888 Ubicación (citar dentro de qué entidad está ubicado el servicio): Dentro de las instalaciones del hospital. Características generales, uso, aplicaciones y existencia del producto de apoyo: Describa ampliamente la siguiente información sobre el producto de apoyo. Costo del producto de apoyo: No se especifica. Opciones similares a ese producto: No se especifica. Marca (s): No se especifica. Garantía: Se reemplaza la unidad en caso de desperfecto. El producto se mantiene en el stock: Si ( x ) No ( ) Si no hay en stock, ¿importan el producto?: Si ( ) No ( x ) Tiempo de duración del trámite de importación: No aplica. La garantía es igual, si el producto es importado: No se especifica. Stock de repuestos y durabilidad del producto: No se especifica. El personal de la empresa asesora sobre el uso del producto en caso de requerirse, entre otros. Si ( x ) No ( ) Imágenes: Adjunta 10. Perfil de la persona usuaria: Detalle las principales características de las personas usuarias a las cuales se dirige el producto. Género: Hombre ( x ) Mujer ( x ) Grupo etario (edad): Adulto mayor Tipo de discapacidad: Cualquiera Otra: Debe ser paciente exclusivo del Hospital Geriátrico. 11. Procedimiento, requisitos y trámites (describa todas las acciones que se deben llevar a cabo para solicitar y obtener el producto de apoyo. Refiérase a formas para llevar a cabo la solicitud y/o envío de los mismos, sea por medio de correo electrónico, página web, redes sociales, apartado postal, llamadas a servicio al cliente, profesional a cargo, según corresponda). El paciente debe ser referido por el Hospital Geriátrico. La trabajadora Social determinará si el producto se puede prestar o no. 12. Horario: Indique el horario y forma de atención, aSi como los días de la semana que atienden para la obtención de productos de apoyo. Horario: 8:00 a 4:00 Lunes a Viernes Forma de atención: Virtual: ( ) Presencial: ( x ) Ambas: ( ) Días de la semana en que se pueden realizar trámites: 8:00 a 4:00 Lunes a Viernes 13. Observaciones: Consignar en este último apartado, algún detalle o característica del producto de apoyo, que no quede reflejado en los ítems anteriores de esta ficha. No hay. Para uso interno (BVA Consultores): 14. Clasificación del producto de apoyo: Según información de la pregunta N° 7 y la Norma UNE-EN ISO 9999:2011 Productos de apoyo para Personas con Discapacidad Clasificación y Terminología: Clase: 12 Productos de apoyo para la movilidad personal Subclase: 1222 Sillas de ruedas manuale";"NACIONAL DE PERSONAS CON DISCAPACIDAD -CONAPDIS- BVA CONSULTORES CATÁLOGO DE PRODUCTOS Y SERVICIOS DE APOYO PARA PERSONAS CON DISCAPACIDAD Y SUS FAMILIAS, DISPONIBLES EN COSTA RICA. ___________________________________________________________________ Ficha Técnica PRODUCTOS DE APOYO PARA PERSONAS CON DISCAPACIDAD Y SUS FAMILIAS Datos de la persona que aplica la ficha técnica: Nombre de la persona que llena la ficha técnica: Jorge Robert Profesión u ocupación: Director Ejecutivo Correo electrónico: gerencia@apronage.or.cr Fecha de llenado: 29-09-2017 Fuentes de Información: Cite las fuentes de información utilizadas para el llenado de la ficha técnica de la entidad. Entrevista Telefónica Nombre del ente que brinda el servicio de apoyo (institución, municipalidad, empresa u organización no gubernamental): Asociación pro Hospital Nacional de Geriatría y Gerontología Dr. Raúl Blanco Cervantes, APRONAGE. 4. Descripción del ente:";"APRONAGE trabaja desde 1993 con el único objetivo de ayudar al Hospital Nacional de Geriatría y Gerontología. La asociación cuenta con una Junta Directiva que trabaja ad honorem y una oficina que nació con la idea de operar eficientemente. APRONAGE maneja tanto el flujo de donaciones como una serie de programas que benefician también a la población que atiende el Hospital. No tiene la potestad de desviar recursos a otros destinos.";{};1;1;0;1
8;"No brinda información";" Empresa Brailler Inc. Costa Rica ";" info@braillercr.com ";" https://brailler.cr ";" 506-2271 6655-4700";"No brinda información";[];{'facebook': 'https://www.facebook.com/pg/braillercr/about/?ref=page_internal'};[];"n";"Venta equipo para PcD Visual, Cognitiva, Motriz e Intelectual.";"No se brindó información.";"No se brindó información.";"No se brindó información.";{};1;1;0;4
9;"No brinda información";" Equipo Médico Montes Oca ";" salud@grupomo.com ";" http://www.grupomo.com ";" 2104-0404";"No brinda información";[];{'facebook': 'https://www.facebook.com/pg/grupomo/about/?ref=page_internal'};['https://www.google.com/maps?client=safari"rls=en"q=66XQWWH9%2B9V"oe=UTF-8"um=1"ie=UTF-8"sa=X"ved=0ahUKEwj65ZjC9aLWAhVIJCYKHeWjB1AQ_AUIDCgD'];"n";"No se especifica información.";"Ser una empresa dedicada a la importación, venta, alquiler y mantenimiento de equipo médico, que trabaja para mejorar la calidad de vida del costarricense a través de personal altamente calificado. Trabajamos para ofrecer productos y servicios de excelente calidad al mejor precio. Nuestro compromiso es brindar seguridad, confianza, respaldo y honestidad con el objetivo de satisfacer las necesidades de nuestros clientes en todo el territorio nacional.";"Ser la empresa líder en la importación, venta, alquiler y mantenimiento de equipo médico, en toda Costa Rica a través de la calidad de nuestros productos y servicios.";"Calidad: Realizamos nuestro trabajo con excelencia y ofrecemos productos con los standards de calidad exigidos por el mercado nacional e internacional. Empatía: Actitud permanente de servicio, colaboración y capacidad para adaptarnos ante situaciones difíciles que afrontan nuestro clientes. Responsabilidad Social: Asumimos nuestro compromiso con nuestros colaboradores, clientes, proveedores y medio ambiente. Honestidad: Transparencia interna y externa que nos permite estar en un proceso de mejora continúa.";{};1;1;0;1
10;"No brinda información";" AZMONT S.A ";" info@grupoazmont.com ";" http://www.salvaescalerasyelevadorescostarica.com ";" 4001-7600";"No brinda información";[];{'facebook': 'https://www.facebook.com/azmontcostarica/'};['https://www.google.com/maps/place/GRUPO+AZMONT/@9.9730163,-84.0287362,17z/data=!3m1!4b1!4m5!3m4!1s0x8fa0e42fc31db603:0x27af2fa0497cffda!8m2!3d9.9730163!4d-84.0265475'];"n";"Especialistas en soluciones de accesibilidad: elevadores y salvaescaleras";"Contar con las mejores alternativas en equipos dirigidos a temas de Accesibilidad y Elevación en el cumplimiento de la ley 7600.";"Contar con las mejores alternativas en equipos dirigidos a temas de Accesibilidad y Elevación en el cumplimiento de la ley 7600.";"Especialistas en soluciones de accesibilidad: elevadores y salvaescaleras";{};1;1;0;4
11;"No brinda información";" Clínica Dinamarca ";" relacionespublicas@clinicadinamarca.com, ";" http://clinicadinamarca.com ";" 2221-4545 2221-4646 2221-4747";"No brinda información";[];{'facebook': 'https://www.facebook.com/clinicadinamarcacr/'};['https://wego.here.com/directions/mylocation/e-eyJuYW1lIjoiQ2xcdTAwZWRuaWNhIERpbmFtYXJjYSIsImFkZHJlc3MiOiJTYW4gSm9zXHUwMGU5OiBDYWxsZSAzMiwgZW50cmUgQXZlbmlkYXMgNCB5IDYgICAgICBTdWN1cnNhbGVzIDpBcmFuanVlei1QXHUwMGU5cmV6IFplbGVkXHUwMGYzbi1UdXJyaWFsYmEtSGVyZWRpYS1BbGFqdWVsYS1HcmVjaWEtU2FuIFJhbVx1MDBmM24tTGltXHUwMGYzbiwgMTM5OS0xMDAyIFNhbiBKb3NcdTAwZTkiLCJsYXRpdHVkZSI6MTAuMTgyMzM5NywibG9uZ2l0dWRlIjotODQuNDE1MjI5OCwicHJvdmlkZXJOYW1lIjoiZmFjZWJvb2siLCJwcm92aWRlcklkIjoyNDU5MjQxODg3NjY0NzB9?map=10.1823397,-84.4152298,15,normal"ref=facebook"link=directions"fb_locale=es_LA'];"n";"No se brindó información";"Ser un Centro de Audición comprometido en ayudar a personas con dificultades auditivas, mediante la prevención, detección, y rehabilitación de la sordera, utilizando productos y equipo de última tecnología a nivel mundial. Brindamos un servicio personalizado, con un selecto grupo de profesionales experimentados, garantizándoles a nuestros pacientes la mayor satisfacción y calidad de vida.";"Ser los primeros en la atención de necesidades Audiológicas de la población, brindando calidad auditiva, con excelentes productos y respaldo internacional, gracias a nuestro característico trato al paciente, en donde el don de servicio y humanismo son nuestra prioridad.";"Atención única y personalizada Profesionales Altamente calificados Tecnología de última generación Stock de accesorios y baterías Laboratorio especializado Seguimiento de por vida.";{};1;1;0;4
12;"No brinda información";" Hospital del Trauma del INS y sus clínicas alrededor del país. ";" hvazquezrss@ins-cr.com, ";" www.ins-cr.com ";" 2296-9599";"No brinda información";[];{'facebook': 'https://www.facebook.com/InstitutoNacionaldeSeguros/'};['https://www.google.co.cr/maps/place/Hospital+del+Trauma/@9.9992851,-84.1235892,14z/data=!4m5!3m4!1s0x8fa0fb5f6132f82b:0x7c6ea2e30d6fb86f!8m2!3d9.9511398!4d-84.1174548'];"n";" NACIONAL DE PERSONAS CON DISCAPACIDAD -CONAPDIS- BVA CONSULTORES CATÁLOGO DE PRODUCTOS Y SERVICIOS DE APOYO PARA PERSONAS CON DISCAPACIDAD Y SUS FAMILIAS, DISPONIBLES EN COSTA RICA. ___________________________________________________________________ Ficha Técnica PRODUCTOS DE APOYO PARA PERSONAS CON DISCAPACIDAD Y SUS FAMILIAS Datos de la persona que aplica la ficha técnica: Nombre de la persona que llena la ficha técnica: Hellen Vazquez Profesión u ocupación: Jefatura Clínicas Interdisciplinarias del INS Correo electrónico: hvazquezrss@ins-cr.com, Fecha de llenado: 19-9-2017 Fuentes de Información: Cite las fuentes de información utilizadas para el llenado de la ficha técnica de la entidad. Entrevista personal. Nombre del ente que brinda el servicio de apoyo (institución, municipalidad, empresa u organización no gubernamental): Hospital del Trauma del INS y sus clínicas alrededor del país. 4. Descripción del ente:";"Somos INS, la empresa aseguradora costarricense, líder, eficiente y sostenible que ofrece protección, mediante productos y servicios de calidad, orientados a la satisfacción del cliente.";"Ser la aseguradora modelo, líder en el mercado local, con una creciente presencia internacional, desarrollando soluciones innovadoras y sostenibles. Señale el tipo de oferente del servicio de apoyo: Es Institución Pública: ( x ) Municipalidad ( ) Es Empresa Privada: ( ) Es Organización no Gubernamental: ( ) 6. Nombre del producto de apoyo: Indique el nombre completo del servicio de apoyo que se brinda Ortesis cables flexibles articulados (par) 7. Uso y aplicaciones del producto de apoyo: Describa ampliamente el producto de apoyo, tomando en cuenta los siguientes aspectos: Características principales: Ortesis cables flexibles articulados (par) Funciones: Para tratamiento de afecciones en pierna Usos: Es apoyo para la movilidad: ( x ) Entorno educativo: ( ) Recreación: ( ) Deporte: ( ) Salud ( x ) Laboral: ( ) Para actividades de la vida diaria básicas o Instrumentales: ( x ) Otros: ( ) (indicar información que permita su clasificación según Norma ISO 9999): Localización del producto de apoyo: Indique los siguientes datos del lugar donde se ubica el producto de apoyo. Provincia: San José (ubicación sede central del hospital) Cantón: Central Distrito: La Uruca Dirección exacta: telelelelele 2296-9599 Fax Dirección de correo electrónico: hvazquezrss@ins-cr.com, Web del servicio: www.ins-cr.com Redes sociales: https://www.facebook.com/InstitutoNacionaldeSeguros/ Dirección waze: https://www.google.co.cr/maps/place/Hospital+del+Trauma/@9.9992851,-84.1235892,14z/data=!4m5!3m4!1s0x8fa0fb5f6132f82b:0x7c6ea2e30d6fb86f!8m2!3d9.9511398!4d-84.1174548 Ubicación (citar dentro de qué entidad está ubicado el servicio): Dentro del INS. Características generales, uso, aplicaciones y existencia del producto de apoyo: Describa ampliamente la siguiente información sobre el producto de apoyo. Costo del producto de apoyo: La unidad de compras realiza la adquisición. Opciones similares a ese producto: No se especifica. Marca (s): No se especifica. Garantía: Se reemplaza la unidad en caso de desperfecto. El producto se mantiene en el stock: Si ( x ) No ( ) Si no hay en stock, ¿importan el producto?: Si ( x ) No ( ) Tiempo de duración del trámite de importación: No se especifica. La garantía es igual, si el producto es importado: Si ( x ) No ( ) Stock de repuestos y durabilidad del producto: No El personal de la empresa asesora sobre el uso del producto en caso de requerirse, entre otros. Si ( x ) No ( ) Imágenes: adjunta. 10. Perfil de la persona usuaria: Detalle las principales características de las personas usuarias a las cuales se dirige el producto. Género: Hombre ( x ) Mujer ( x ) Grupo etario (edad): Cualquiera Tipo de discapacidad: Cualquiera Otra: 11. Procedimiento, requisitos y trámites (describa todas las acciones que se deben llevar a cabo para solicitar y obtener el producto de apoyo. Refiérase a formas para llevar a cabo la solicitud y/o envío de los mismos, sea por medio de correo electrónico, página web, redes sociales, apartado postal, llamadas a servicio al cliente, profesional a cargo, según corresponda). Poseer seguro laboral o automotriz contra terceros con el INS. 12. Horario: Indique el horario y forma de atención, aSi como los días de la semana que atienden para la obtención de productos de apoyo. Horario: Administrativa: Lunes a viernes de 7:00 a 5:00 , Hospital 24/7 Forma de atención: Virtual: ( ) Presencial: ( x ) Ambas: ( ) Días de la semana en que se pueden realizar trámites: Administrativa: Lunes a viernes de 7:00 a 5:00 , Hospital 24/7 13. Observaciones: Consignar en este último apartado, algún detalle o característica del producto de apoyo, que no quede reflejado en los ítems anteriores de esta ficha. El Hospital del Trauma solo atienden a usuarios que tengan seguro automotriz y contra terceros o bien seguro laboral contratado con el INS. La Directora Interdisciplinaria nos pidió hacer hincapié en la observación para evitar crear una confusión con la población PcD del país, ya que el Hospital del Trauma y sus clínicas alrededor del país, no atienden directamente a personas con discapacidad, ya que como empresa privada brindan únicamente servicios médicos de atención para usuarios o clientes que hayan contratado con el INS el seguro laboral o automotriz. Los usuarios son atendidos después de haber sufrido el trauma, productos del accidente. Para uso interno (BVA Consultores): 14. Clasificación del producto de apoyo: Según información de la pregunta N° 7 y la Norma UNE-EN ISO 9999:2011 Productos de apoyo para Personas con Discapacidad Clasificación y Terminología: Clase: 06 Ortesis y prótesis Subclase: 0612 Ortesis miembro inferio";"IONAL DE PERSONAS CON DISCAPACIDAD -CONAPDIS- BVA CONSULTORES CATÁLOGO DE PRODUCTOS Y SERVICIOS DE APOYO PARA PERSONAS CON DISCAPACIDAD Y SUS FAMILIAS, DISPONIBLES EN COSTA RICA. ___________________________________________________________________ Ficha Técnica PRODUCTOS DE APOYO PARA PERSONAS CON DISCAPACIDAD Y SUS FAMILIAS Datos de la persona que aplica la ficha técnica: Nombre de la persona que llena la ficha técnica: Hellen Vazquez Profesión u ocupación: Jefatura Clínicas Interdisciplinarias del INS Correo electrónico: hvazquezrss@ins-cr.com, Fecha de llenado: 19-9-2017 Fuentes de Información: Cite las fuentes de información utilizadas para el llenado de la ficha técnica de la entidad. Entrevista personal. Nombre del ente que brinda el servicio de apoyo (institución, municipalidad, empresa u organización no gubernamental): Hospital del Trauma del INS y sus clínicas alrededor del país. 4. Descripción del ente: Misión: Somos INS, la empresa aseguradora costarricense, líder, eficiente y sostenible que ofrece protección, mediante productos y servicios de calidad, orientados a la satisfacción del cliente. Visión: Ser la aseguradora modelo, líder en el mercado local, con una creciente presencia internacional, desarrollando soluciones innovadoras y sostenibles.";{};1;1;0;3
13;"No brinda información";" Disprodorme S.A ";" info@disprodorme.com ";" http://www.disprodorme.com ";" 8381-7141";"No brinda información";[];{'facebook': 'https://www.facebook.com/Disprodorme/'};['https://www.google.co.cr/maps/place/DISPRODORME+EQUIPOS+MEDICOS/@9.9458283,-84.1318807,17z/data=!3m1!4b1!4m5!3m4!1s0x8fa0fb647a05000d:0x16834a4177c636ab!8m2!3d9.945823!4d-84.129692'];"n";"Ofrecer a los clientes una amplia gama de equipos y productos de diferentes características, usos y calidades, con una atención personalizada y alto espíritu de servicio.";"Mejorar la calidad de vida de las personas con alguna discapacidad temporal o permanente, por medio de la venta o alquiler de equipo médico y productos ortopédicos, maximizando el valor que representa este equipo para el cliente, al brindar servicios de excelencia y calidad con sentido social.";"Consolidarse como uno de los principales suplidores de equipo médico y ortopédico tanto a nivel de venta como de alquiler del mismo, manteniendo siempre un alto estándar de calidad y de servicio que satisfaga plenamente las necesidades de los clientes.";"Ofrecer a los clientes una amplia gama de equipos y productos de diferentes características, usos y calidades, con una atención personalizada y alto espíritu de servicio.";{};1;1;0;4
14;"No brinda información";" TifloproductosCR ";" info@tifloproductoscr.com ";" http:www.tifloproductoscr.com ";" 2410-4647";"No brinda información";[];{'facebook': 'https://www.facebook.com/tifloproductoscr/'};['https://www.google.es/maps/place/San+José,+Aserri,+Costa+Rica/@9.865107,-84.1027319,15z/data=!3m1!4b1!4m5!3m4!1s0x8fa0e2b1af989285:0xc6dcfc14a05020a8!8m2!3d9.8641706!4d-84.0933652'];"n";"Ser importadores directos de artículos fabricados en países como Estados Unidos, Canadá y algunos de Europa.";"Ofrecer productos de excelente calidad, de las marcas más reconocidas y con precios accesibles para toda la población.";"Encontrar artículos: para personas ciegas y de baja visión, personas sordas o con baja audición, adultos mayores, personas con movilidad reducida, con artritis, con diabetes y niños con discapacidad.";"No se especifica.";{};1;1;0;4
15;"No brinda información";" Asociación Pro-Patronato Nacional de Ciegos. ";" venfespropanaci@gmail.com / propanaci@gmail.com ";" No poseen. ";" 8781-1111";"No brinda información";[];{};['https://www.google.co.cr/maps/place/Patronato+Nacional+De+Ciegos/@9.9211134,-84.0736874,17z/data=!3m1!4b1!4m5!3m4!1s0x8fa0e36dc674b155:0xbaab1eb538f9a56e!8m2!3d9.9211081!4d-84.0714933'];"n";"Ser la organización en pro y mejoramiento de calidad de vida de las personas con ceguera en el país. Defensa de los derechos de la población con discapacidad. Tiflotecnología (productos de apoyo para la población con discapacidad).";"Defensa de Derechos Humanos de las Personas con Discapacidad. Identificación y uso de tecnologías que beneficien a la persona ciega.";"No brindaron información.";"Defensa de Derechos Humanos de las Personas con Discapacidad. Identificación y uso de tecnologías que beneficien a la persona ciega.";{};1;1;0;1
16;"No brinda información";" Sistema de Accesibilidad Total S.A ";" info@accesibilidadtotal.com ";" http://www.accesibilidadtotal.com/ ";" 8385-0547";"No brinda información";[];{'facebook': 'https://www.facebook.com/AccesibilidadTotal/'};['https://www.google.com/maps/place/Banco+Nacional/@9.9323738,-84.055037,17z/data=!3m1!4b1!4m5!3m4!1s0x8fa0e3841a771a83:0x4b1a6eb919f303d3!8m2!3d9.9323685!4d-84.0528483'];"n";"eliminar barreras arquitectónicas para personas con algún tipo de discapacidad o adultos mayores.";""Brindar soluciones de acceso a personas con movilidad reducida, con algún tipo de discapacidad o de la tercera edad; con asesorías y sistemas de accesibilidad que se distinguen por su calidad generando aSi un DISEÑO PARA TODOS, el cumplimiento de las leyes 7600 y 7935 y lo más importante, la igualdad y el mejorar la calidad de vida de estas personas."";"Consolidar el liderazgo de SAT en el mercado nacional, brindando asesorías y equipos de calidad.";"eliminar barreras arquitectónicas para personas con algún tipo de discapacidad o adultos mayores.";{};1;1;0;4
17;"No brinda información";" Instituto Tecnológico de Costa Rica ";" mrichmond@itcr.ac.cr ";" https://www.tec.ac.cr/ ";" 2550-2260";"No brinda información";[];{'facebook': 'https://www.facebook.com/tecnologicocostarica'};['https://www.google.com/maps/place/Fundaci%C3%B3n+Tecnol%C3%B3gica+de+Costa+Rica/@9.8569252,-83.9159792,15.72z/data=!4m5!3m4!1s0x8fa0dff2d0881a61:0xfe4de00f1ba23f45!8m2!3d9.855892!4d-83.9115413'];"n";""Formar profesionales en el campo tecnológico que aúnen al dominio de su disciplina, una clara conciencia del contexto socioeconómico, cultural y ambiental en que la tecnología se genera, transfiere y aplica; lo cual les permite participar en forma crítica y creativa en las actividades productivas nacionales. Generar, adaptar e incorporar en forma sistemática y continua, la tecnología necesaria para utilizar y transformar provechosamente para el país los recursos y fuerzas productivas. Contribuir al mejoramiento de la calidad de vida del pueblo costarricense mediante la proyección de sus actividades a la atención y solución de los problemas prioritarios del país, a fin de editar una sociedad más justa. Estimular la superación de la comunidad costarricense mediante el patrocinio y el desarrollo de programas culturales."";""""Contribuir al desarrollo integral del país, mediante formación del recurso humano, la investigación y la extensión; manteniendo el liderazgo científico, tecnológico y técnico, la excelencia académica y el estricto apego a las normas éticas, humanísticas y ambientales, desde una perspectiva universitaria estatal de calidad y competitividad a nivel nacional e internacional."""";""“El Instituto Tecnológico de Costa Rica seguirá contribuyendo mediante la sólida formación del talento humano, el desarrollo de la investigación, la extensión, la acción social y la innovación científico-tecnológica pertinente, la iniciativa emprendedora y la estrecha vinculación con los diferentes actores sociales a la edificación de una sociedad más solidaria e inclusiva; comprometida con la búsqueda de la justicia social, el respeto de los derechos humanos y del ambiente”."";""Formar profesionales en el campo tecnológico que aúnen al dominio de su disciplina, una clara conciencia del contexto socioeconómico, cultural y ambiental en que la tecnología se genera, transfiere y aplica; lo cual les permite participar en forma crítica y creativa en las actividades productivas nacionales. Generar, adaptar e incorporar en forma sistemática y continua, la tecnología necesaria para utilizar y transformar provechosamente para el país los recursos y fuerzas productivas. Contribuir al mejoramiento de la calidad de vida del pueblo costarricense mediante la proyección de sus actividades a la atención y solución de los problemas prioritarios del país, a fin de editar una sociedad más justa. Estimular la superación de la comunidad costarricense mediante el patrocinio y el desarrollo de programas culturales."";{};1;1;0;3
18;"No brinda información";" Chupis Ortopédica ";" ortopedicachupis@gmail.com ";" ";" 22-32 58-35 22-23 74-14";"No brinda información";[];{'facebook': ''};[];"n";"Ayudar a la población con Discapacidad.";"Brindar a la población los mejores servicios artículos de educación y tecnología en Ortopedia y rehabilitación.";"Ser la Ortopédica líder en Ventas, Educación, Distribucion, fabricación, innovación, desarrollo de artículos ortopédicos ayudas biomecánicas de rehabilitación en Latinoamérica.";"Señale el tipo de oferente del producto de apoyo: Es Institución Pública: ( ) Municipalidad ( ) Es Empresa Privada: ( x ) Es Organización no Gubernamental: ( ) Nombre del producto de apoyo: Indique el nombre completo del producto de apoyo como lo enuncia la entidad que lo brinda. COJIN AIRE GEL 7. Uso y aplicaciones del producto de apoyo: Describa ampliamente el producto de apoyo, tomando en cuenta los siguientes aspectos: Características principales: Da alivio providencias óseas. Funciones: Da balanceo equitativamente. Usos: Para oficina, uso diario. Es apoyo para la movilidad: ( x ) Entorno educativo: ( x ) Recreación: ( ) Deporte: ( ) Salud ( x ) Laboral: ( x ) Para actividades de la vida diaria básicas o Instrumentales: ( x ) Otros: ( ) (indicar información que permita su clasificación según Norma ISO 9999): Localización del producto de apoyo: Indique los siguientes datos del lugar donde se ubica el producto de apoyo. Provincia: San José, Heredia, Alajuela, Liberia Cantón: Uruca Distrito: Dirección exacta: Frente Cenare 25 mtrs Sur. telelelelele 22-32-58-35 /22-23-74-14. Fax 22-31-40-96 Dirección de correo electrónico: ortopedicachupis@gmail.com Web del servicio: Redes sociales: Facebook. Dirección waze: Frente Cenare 25 mtrs Sur. Características generales, uso, aplicaciones y existencia del producto de apoyo: Describa ampliamente la siguiente información sobre el producto de apoyo. Costo del producto de apoyo: 5000 Opciones similares a ese producto: Cojín TLP de Gel. Marca (s): THERAMART Garantía: Contra defectos de Fabrica. El producto se mantiene en el stock Si ( x ) No ( ) Si no hay en stock, ¿importan el producto?: Si ( x ) No ( ) Tiempo de duración del trámite de importación: 90 Días La garantía es igual, si el producto es importado: Si ( x ) No ( ) Stock de repuestos y durabilidad del producto: Existencia. El personal de la empresa asesora sobre el uso del producto en caso de requerirse, entre otros. Si ( X ) No ( ) Imágenes: 10. Perfil de la persona usuaria: Detalle las principales características de las personas usuarias a las cuales se dirige el producto. Género: Hombre ( X ) Mujer ( X ) Grupo etario (edad): 15-60 AÑOS Tipo de discapacidad: Personas con ulceras y hemorroides. Otra: especializado para personas en sillas de ruedas. 11. Procedimiento, requisitos y trámites (describa todas las acciones que se deben llevar a cabo para solicitar y obtener el producto de apoyo. Refiérase a formas para llevar a cabo la solicitud y/o envío de los mismos, sea por medio de correo electrónico, página web, redes sociales, apartado postal, llamadas a servicio al cliente, profesional a cargo, según corresponda). Se da referencia del producto de todas las formas anteriores mencionadas. 12. Horario: Indique el horario y forma de atención, aSi como los días de la semana que atienden para la obtención de productos de apoyo. Horario: 7:00a.m a 5:00 Pm Lunes, Martes, Miércoles y jueves. Viernes de 7: 00a.m a 4:30pm Sábado de 9:00 a.m a 1:00p.m Forma de atención: Virtual: ( ) Presencial: ( ) Ambas: ( x ) Días de la semana en que se pueden realizar trámites: todos los días entre semana 13. Observaciones: Consignar en este último apartado, algún detalle o característica del producto de apoyo, que no quede reflejado en los ítems anteriores de esta ficha. Para uso interno (BVA Consultores): 14. Clasificación del producto de apoyo: Según información de la pregunta N° 7 y la Norma UNE-EN ISO 9999:2011 Productos de apoyo para Personas con Discapacidad Clasificación y Terminología: Clase: 18 Mobiliario y adaptaciones para viviendas y otros locales. Subclase: 1810 Accesorios de mobiliario para sentarse";{};1;1;0;4
19;"No brinda información";" Chupis Ortopedica ";" ortopedicachupis@gmail.com ";" ";" 22-32 58-35 22-23 74-14";"No brinda información";[];{'facebook': ''};[];"n";"Ayudar a la población con Discapacidad.";"Brindar a la población los mejores servicios artículos de educación y tecnología en Ortopedia y rehabilitación";"Ser la Ortopédica líder en Ventas, Educación, Distribución, fabricación, innovación, desarrollo de artículos ortopédicos ayudas biomecánicas de rehabilitación en Latinoamérica.";"Señale el tipo de oferente del producto de apoyo: Es Institución Pública: ( ) Municipalidad ( ) Es Empresa Privada: ( x ) Es Organización no Gubernamental: ( ) Nombre del producto de apoyo: Indique el nombre completo del producto de apoyo como lo enuncia la entidad que lo brinda. ESPALDERA POSTURAL 7. Uso y aplicaciones del producto de apoyo: Describa ampliamente el producto de apoyo, tomando en cuenta los siguientes aspectos: Características principales: EVITA POSTURAS VICIOSAS, FAVORECE LA ALINACION POSTURAL. Funciones: DA SOPORTE A LA ESPALDA PARA MANTENER UNA POSTURA CORRECTA. Usos: PARA USO DIARIO Es apoyo para la movilidad: ( x ) Entorno educativo: ( x ) Recreación: ( ) Deporte: ( ) Salud ( x ) Laboral: ( x ) Para actividades de la vida diaria básicas o Instrumentales:( x ) Otros: ( ) (indicar información que permita su clasificación según Norma ISO 9999): Localización del producto de apoyo: Indique los siguientes datos del lugar donde se ubica el producto de apoyo. Provincia: San José, Heredia, Alajuela, Liberia Cantón: Uruca Distrito: Dirección exacta: Frente Cenare 25 mtrs Sur. telelelelele 22-32-58-35 /22-23-74-14. Fax 22-31-40-96 Dirección de correo electrónico: ortopedicachupis@gmail.com Web del servicio: Redes sociales: Facebook. Dirección waze: Frente Cenare 25 mtrs Sur. Características generales, uso, aplicaciones y existencia del producto de apoyo: Describa ampliamente la siguiente información sobre el producto de apoyo. Costo del producto de apoyo: 16800 Opciones similares a ese producto: CORRECTOR POSTURAL Marca (s): NACIONAL. Garantía: Contra defectos de Fabrica. El producto se mantiene en el stock Si ( x ) No ( ) Si no hay en stock, ¿importan el producto?: Si ( x ) No ( ) Tiempo de duración del trámite de importación: 90 Días La garantía es igual, si el producto es importado: Si( X )No( ) Stock de repuestos y durabilidad del producto: Existencia. El personal de la empresa asesora sobre el uso del producto en caso de requerirse, entre otros. Si ( X ) No ( ) Imágenes: 10. Perfil de la persona usuaria: Detalle las principales características de las personas usuarias a las cuales se dirige el producto. Género: Hombre ( X ) Mujer ( X ) Grupo etario (edad): 15-70 AÑOS Tipo de discapacidad: PERSONAS CON CIFOSIS Y POSTURAS VICIOSAS. Otra: 11. Procedimiento, requisitos y trámites (describa todas las acciones que se deben llevar a cabo para solicitar y obtener el producto de apoyo. Refiérase a formas para llevar a cabo la solicitud y/o envío de los mismos, sea por medio de correo electrónico, página web, redes sociales, apartado postal, llamadas a servicio al cliente, profesional a cargo, según corresponda). Se da referencia del producto de todas las formas anteriores mencionadas. 12. Horario: Indique el horario y forma de atención, aSi como los días de la semana que atienden para la obtención de productos de apoyo. Horario: 7:00a.m a 5:00 Pm Lunes, Martes, Miercoles y jueves. Viernes de 7: 00a.m a 4:30pm Sábado de 9:00 a.m a 1:00p.m Forma de atención: Virtual: ( ) Presencial: ( ) Ambas: ( x ) Días de la semana en que se pueden realizar trámites: Todos los días entre semana. 13. Observaciones: Consignar en este último apartado, algún detalle o característica del producto de apoyo, que no quede reflejado en los ítems anteriores de esta ficha. Para uso interno (BVA Consultores): 14. Clasificación del producto de apoyo: Según información de la pregunta N° 7 y la Norma UNE-EN ISO 9999:2011 Productos de apoyo para Personas con Discapacidad Clasificación y Terminología: Clase: 06 Ortesis y prótesis. Subclase: 0603 Ortesis craneales y raquídeas";{};1;1;0;4
20;"No brinda información";" Asociación Pro Centro Nacional de Rehabilitación, PROCENARE ";" aprocenare@gmail.com ";" No Hay ";" 2290-6693 2232-8233";"No brinda información";[];{'facebook': 'https://www.facebook.com/pro.cenare.9?lst=747714746%3A100004006977458%3A1499888790'};['https://www.google.es/maps/place/Centro+Nacional+de+Rehabilitación/@9.9491105,-84.1188223,17z/data=!3m1!4b1!4m5!3m4!1s0x8fa0fb5b60bba995:0x53a188ab1469c9e2!8m2!3d9.9491052!4d-84.1166282'];"n";"Colaborar con los pacientes del CENARE,y ayudar a conseguir equipo de apoyo para ellos, ayudar al CENARE a conseguir equipo tecnológico de punta para la atención de las personas con discapacidad.";"Proporcionar el bienestar a las personas con discapacidad que se atienden en el Centro Nacional de Rehabilitación, dando apoyo a las actividades y programas de carácter social, educativo, médico, terapéuticos, que contribuyan a mejorar la calidad de vida de los usuarios con discapacidad, especialmente los menos favorecidos económico y socialmente.";"Convertirnos en una asociación sostenible financieramente y con eficacia consistente en el logro de los objetivos primordiales para satisfacer las necesidades del CENARE brindado equipo médico para el mejoramiento de sus servicios, aSi como brindando apoyo a la población discapacitada económica y socialmente más necesitada de manera directa.";"Vigilar y apoyar a toda la población con discapacidad del país, con énfasis en aquellas desprotegidas económica y socialmente Establecer programas para el mejoramiento de los servicios del Centro Nacional y su e integración con la comunidad.";{};1;1;0;1
21;"No brinda información";" Centro Nacional de Recursos para la Educación Inclusiva -CENAREC-. ";" info@cenarec.go.cr ";" w.ww.cenarec.go.cr ";" 21-8 2017-4 7-9999 100-2528";"No brinda información";[];{'facebook': '', 'twitter': '', 'youtube': ''};['https://www.google.co.cr/maps/place/Centro+Nacional+de+Recursos+para+la+Educación+Inclusiva/@9.9438601,-84.0595351,17z/data=!3m1!4b1!4m5!3m4!1s0x8fa0e47e740839eb:0x5e6cff305b1cc70e!8m2!3d9.9438601!4d-84.057341'];"n";" NACIONAL DE PERSONAS CON DISCAPACIDAD -CONAPDIS- BVA CONSULTORES CATÁLOGO DE PRODUCTOS Y SERVICIOS DE APOYO PARA PERSONAS CON DISCAPACIDAD Y SUS FAMILIAS, DISPONIBLES EN COSTA RICA. ___________________________________________________________________ Ficha Técnica PRODUCTOS DE APOYO PARA PERSONAS CON DISCAPACIDAD Y SUS FAMILIAS Datos de la persona que aplica la ficha técnica: Nombre de la persona que llena la ficha técnica: Evelyn Calderón Campos Profesión u ocupación: Asesora de Educación Nacional en CENAREC. Correo electrónico: info@cenarec.go.cr Fecha de llenado: " 21 / 8 / 2017 Fuentes de Información: Cite las fuentes de información utilizadas para el llenado de la ficha técnica de la entidad. Entrevista telefónica y página web. Nombre del ente que brinda el servicio de apoyo (institución, municipalidad, empresa u organización no gubernamental): Centro Nacional de Recursos para la Educación Inclusiva -CENAREC-. 4. Descripción del ente:";"Somos el Centro Nacional de Recursos, que en el marco de la Educación Inclusiva y junto a las personas con discapacidad, potencia su desarrollo y participación activa en la sociedad, mediante la articulación con diversos actores sociales.";""Aspiramos ser una organización consolidada a nivel nacional y con proyección internacional, que contribuya al desarrollo de las personas con discapacidad desde el marco de la Educación Inclusiva. Señale el tipo de oferente del servicio de apoyo: Es Institución Pública: ( X ) Municipalidad ( ) Es Empresa Privada: ( ) Es Organización no Gubernamental: ( ) Nombre del producto de apoyo: Indique el nombre completo del servicio de apoyo que se brinda Tijeras Adaptadas -CENAREC-. 7. Uso y aplicaciones del producto de apoyo: Describa ampliamente el producto de apoyo, tomando en cuenta los siguientes aspectos: Características principales: La tijera ofrece una estabilidad excelente al estar fijada a una base de plástico con almohadillas antideslizantes en cada esquina. Las tijeras son operadas oprimiendo la gran ""T"" en forma de asa. El resorte automáticamente reabre las tijeras después de que la acción de corte se ha completado. Funciones: Permitir al usuario poder llevar a cabo la tarea de cortar. Usos: Es apoyo para la movilidad: ( ) Entorno educativo: ( ) Recreación: ( ) Deporte: ( ) Salud ( ) Laboral: ( ) Para actividades de la vida diaria básicas o Instrumentales: ( x ) Otros: ( ) (indicar información que permita su clasificación según Norma ISO 9999): Localización del producto de apoyo: Indique los siguientes datos del lugar donde se ubica el producto de apoyo. Provincia: San José Cantón: Goicoechea Distrito: Guadalupe. Dirección exacta: 100 metros Este del Cementerio de Guadalupe. telelelelele2528-1918 Fax Dirección de correo electrónico: info@cenarec.go.cr Web del servicio: w.ww.cenarec.go.cr Redes sociales: Facebook, Twitter, YouTube: CENAREC. Dirección waze: https://www.google.co.cr/maps/place/Centro+Nacional+de+Recursos+para+la+Educación+Inclusiva/@9.9438601,-84.0595351,17z/data=!3m1!4b1!4m5!3m4!1s0x8fa0e47e740839eb:0x5e6cff305b1cc70e!8m2!3d9.9438601!4d-84.057341 Ubicación (citar dentro de qué entidad está ubicado el servicio): En el Edificio del CENAREC Características generales, uso, aplicaciones y existencia del producto de apoyo: Describa ampliamente la siguiente información sobre el producto de apoyo. Costo del producto de apoyo: Gratis Opciones similares a ese producto: No se especifica. Marca (s): Nasco Garantía: Se reemplaza la unidad en caso de desperfecto. El producto se mantiene en el stock: Si ( ) No ( X ) Si no hay en stock, ¿importan el producto?: Si ( X ) No ( ) Tiempo de duración del trámite de importación: Desde 1 semana en adelante, depende de disponibilidad. La garantía es igual, si el producto es importado: Si ( X ) No ( ) Stock de repuestos y durabilidad del producto: No El personal de la empresa asesora sobre el uso del producto en caso de requerirse, entre otros. Si ( X ) No ( ) Imágenes: Adjunta 10. Perfil de la persona usuaria: Detalle las principales características de las personas usuarias a las cuales se dirige el producto. Género: Hombre ( X ) Mujer ( X ) Grupo etario (edad): Dependerá del análisis técnico del departamento encargado del CENAREC. Tipo de discapacidad: Motriz Otra: 11. Procedimiento, requisitos y trámites (describa todas las acciones que se deben llevar a cabo para solicitar y obtener el producto de apoyo. Refiérase a formas para llevar a cabo la solicitud y/o envío de los mismos, sea por medio de correo electrónico, página web, redes sociales, apartado postal, llamadas a servicio al cliente, profesional a cargo, según corresponda). Recibir documento de solicitud de asesoría en ayudas técnicas. Analizar la información del documento de solicitud de asesoría en ayudas técnicas para determinar su pertinencia, Una vez determinada su pertinencia, se coordina con el centro educativo la fecha y hora de la asesoría, y se ratifica mediante oficio. En la asesoría propiamente se realiza entrevista al estudiante, familiares y docentes: Para obtener información sobre datos personales de la persona que recibe la asesoría. Para obtener información del centro educativo y de la comunidad en la que reside la persona usuaria. Para obtener información de la condición de la persona, de los apoyos con los que cuenta, aSi como su funcionalidad. Se proporcionan al estudiante productos de apoyo, con el fin de determinar si se ajustan a sus requerimientos. Según las preferencias e intereses del usuario, se decide en forma conjunta cual producto de apoyo se recomendará de manera tal que el mismo promueva destrezas de autonomía, asegure una educación en igualdad de oportunidades y que potencien capacidades. 12. Horario: Indique el horario y forma de atención, aSi como los días de la semana que atienden para la obtención de productos de apoyo. Horario: Lunes a Viernes 7:00 a 4:00 pm Forma de atención: Virtual: ( ) Presencial: ( X ) Ambas: ( ) Días de la semana en que se pueden realizar trámites: Lunes a Viernes 13. Observaciones: Consignar en este último apartado, algún detalle o característica del producto de apoyo, que no quede reflejado en los ítems anteriores de esta ficha. Las ayudas técnicas se darán después de aplicar un protocolo de evaluación al usuario para saber que tipo de asistencia técnica ocupa. Para uso interno (BVA Consultores): 14. Clasificación del producto de apoyo: Según información de la pregunta N° 7 y la Norma UNE-EN ISO 9999:2011 Productos de apoyo para Personas con Discapacidad Clasificación y Terminología: Clase: 15 Productos de apoyo para actividades domésticas Subclase: 1515 Productos de apoyo para confeccionar y mantener tejidos. Información tomada del Catálogo del CENAREC, página: 113"";"IONAL DE PERSONAS CON DISCAPACIDAD -CONAPDIS- BVA CONSULTORES CATÁLOGO DE PRODUCTOS Y SERVICIOS DE APOYO PARA PERSONAS CON DISCAPACIDAD Y SUS FAMILIAS, DISPONIBLES EN COSTA RICA. ___________________________________________________________________ Ficha Técnica PRODUCTOS DE APOYO PARA PERSONAS CON DISCAPACIDAD Y SUS FAMILIAS Datos de la persona que aplica la ficha técnica: Nombre de la persona que llena la ficha técnica: Evelyn Calderón Campos Profesión u ocupación: Asesora de Educación Nacional en CENAREC. Correo electrónico: info@cenarec.go.cr Fecha de llenado: " 21 / 8 / 2017 Fuentes de Información: Cite las fuentes de información utilizadas para el llenado de la ficha técnica de la entidad. Entrevista telefónica y página web. Nombre del ente que brinda el servicio de apoyo (institución, municipalidad, empresa u organización no gubernamental): Centro Nacional de Recursos para la Educación Inclusiva -CENAREC-. 4. Descripción del ente: Misión: Somos el Centro Nacional de Recursos, que en el marco de la Educación Inclusiva y junto a las personas con discapacidad, potencia su desarrollo y participación activa en la sociedad, mediante la articulación con diversos actores sociales. Visión: Aspiramos ser una organización consolidada a nivel nacional y con proyección internacional, que contribuya al desarrollo de las personas con discapacidad desde el marco de la Educación Inclusiva.";{};1;1;0;3
22;"No brinda información";" JR Sánchez Audiología ";" zcastro@labjrsanchez.com ";" http://www.labjrsanchez.com ";" 2225-0883";"No brinda información";[];{};[];"n";"Empresa ISO 9001 y 9015, que contribuye con la calidad de vida de los clientes, dando solución auditiva de tecnología avanzada. J.R. Sánchez Audiología es una empresa costarricense con 42 años de labor, que ha ofrecido al paciente con problemas auditivos, soluciones de rehabilitación acordes al avance tecnológico de los tiempos y servicios audiológicos para la población en general. Somos la Empresa que va a la vanguardia, con la más amplia experiencia en el campo, respaldada por el mejor equipo humano en el campo de la Audiología. Se espera poner sucursales en Panamá, Nicaragua, Guatemala, El Salvador.";"Contribuimos a mejorar la calidad de vida de nuestros clientes, con soluciones auditivas de tecnología avanzada y siguiendo estándares de calidad internacional.";"En el año 2018: A) en el ámbito externo: Reconocida por su experiencia en servicio al cliente y por estricto cumplimiento de sus compromisos. Innovadora y referente en sus servicios y en la aplicación de tecnologías avanzadas para las soluciones auditivas. B) en el ámbito interno: Con una mejora continua en la calidad de sus servicios. Excelencia en la comunicación, en las relaciones humanas, el trabajo en equipo y ambiente laboral. Elevadamente productiva y rentable.";"Brindar a las personas con discapacidad auditiva una mejor calidad de vida. Llegar a ser la empresa número 1, relacionado con lo auditivo, en Costa Rica y Centroamérica. Señale el tipo de oferente del producto de apoyo: Es Institución Pública: ( ) Municipalidad ( ) Es Empresa Privada: ( x ) Es Organización no Gubernamental: ( ) Nombre del producto de apoyo: Indique el nombre completo del producto de apoyo, como lo enuncia la entidad que lo brinda. Ortesis Auditivas: Retro auricular 7. Uso y aplicaciones del producto de apoyo: Describa ampliamente el producto de apoyo, tomando en cuenta los siguientes aspectos: Características principales: Venta de audífonos a gusto del cliente, capacidad de adquisición y comodidad, como audífonos retro (fuera de la oreja) o intra (dentro del oído). Funciones: Los audífonos contribuyen a mejorar o prevenir la discapacidad auditiva de la persona. Usos: Es un dispositivo que se utiliza dentro (retro) o fuera del oído (intra) para mejorar la audición, es preventivo de la discapacidad auditiva. Es apoyo para la movilidad: ( ) Entorno educativo: ( ) Recreación: ( ) Deporte: ( ) Salud ( x ) Laboral: ( ) Para actividades de la vida diaria básicas o Instrumentales: ( ) Otros: ( ) (indicar información que permita su clasificación según Norma ISO 9999): Localización del producto de apoyo: Indique los siguientes datos del lugar donde se ubica el producto de apoyo. Provincia: San José Cantón: Montes de Oca Distrito: San Pedro Dirección exacta: Oficinas Centrales, ubicación: Provincia: San José, Cantón: Montes de Oca, Distrito: San Pedro. Dirección: Barrio Francisco Peralta, de la Casa Italia 175 mtrs al sur/ calle 29 Av. 10-12. 2. Sucursal Cartago, ubicación: Provincia: Cartago, Cantón: Central, Distrito: Oriental. Dirección: De emergencias del Hospital Max Peralta 25 m al Sur. Calle 16 Av. 1 y 2. Teléfono: 2591-019 Suc. Heredia: Ubicación: Provincia Heredia, Cantón Heredia Distrito Primero. Dirección: Naos Plaza frente al Hospital nuevo de Heredia, 1er piso, Locales frontales que dan a la calle. Teléfono: 2562-8937. Suc. San Ramón: Ubicación: Provincia Alajuela Cantón San Ramón Distrito San Juan. Dirección: 100 m norte del Hospital Carlos Luis Valverde Vega, Clínica Phillips, 2do piso. Teléfono: 2445-7042 Fax 2447-2924. Suc. San Carlos: Ubicación:Provincia Alajuela Cantón San Carlos, Distrito Quesada, Distrito San Pedro. Dirección: Clínica Belén, frente al hospital de San Carlos. Teléfono: 2461-1757. Suc. Limón: Ubicación: Provincia Limón Cantón Central Distrito Limón. Dirección: Del Hospital Tony Facio, 50 mts al sur. Entre el ICE y BANDECO. Teléfono: 2758-4543.Fax 2798-0684. Suc. Puntarenas: Ubicación: Provincia Puntarenas, Cantón Puntarenas, Distrito El Roble. Dirección: Costado norte Hospital Monseñor Sanabria, El Roble. Teléfono: 2664-0289. Suc. Guápiles: Ubicación: Provincia San José, Cantón Pococí, Distrito Guápiles. Dirección: Clínica del Caribe, 100 mtrs Oeste del Hospital de Guápiles. Teléfono: 2710-144 Suc. Turrialba: Ubicación: Provincia Cartago, Cantón Turrialba, Distrito Turrialba. Dirección:Centro Médico Laxmi, frente a la sede del Atlántico de la Universidad de Costa Rica. Teléfono: 2557-2150. Suc. Centro Auditivo Pediátrico, CAP: Ubicación: Provincia San José, Cantón Central, Distrito Hospital. Dirección: De emergencias del Hospital Nacional de Niños 25 Norte y 75 oeste, Centro de Diagnóstico Médico. Teléfono: 2222-0541. Suc. Barrio Aranjuez: Ubicación: Provincia San José, Cantón San José, Distrito Carmen. Dirección: Antiguo emergencias 75 oeste mano izquierda del Hospital Calderón Guardia. Edificio Meredice, 1er piso. Teléfono: 2221-2948. telelelelele 2225-0883 Fax 2283-4103 Dirección de correo electrónico: zcastro@labjrsanchez.com Web del servicio: http://www.labjrsanchez.com Redes sociales: No tienen Dirección waze: https://www.google.co.cr/maps/place/JR+Sánchez+Audiolog%C3%ADa+Oficina+Central/@9.9280342,-84.0671825,17z/data=!3m1!4b1!4m5!3m4!1s0x8fa0e37a142d3025:0x97f2666c50a7729e!8m2!3d9.9280289!4d-84.0649938?hl=en Características generales, uso, aplicaciones y existencia del producto de apoyo: Describa ampliamente la siguiente información sobre el producto de apoyo. Costo del producto de apoyo: Varía, depende de la tecnología que se utilice (retro o intra), el costo va desde los 600 dólares americanos, hasta los 000 dólares americanos. Opciones similares a ese producto: Si hay Marca (s): Phonak (Suiza) Otikon (Dinamarca) Siemens (Alemania) Advanced Bionics (Estados Unidos) (para implante coclear) Garantía: 2 años o 6 citas sin costo, cada 3 meses El producto se mantiene en el stock: Si ( x ) No ( ) Si no hay en stock, ¿importan el producto?: Si ( x ) No ( ) Tiempo de duración del trámite de importación: El trámite varía dependiendo del producto, puede ser de un día. Si se lleva receta de la CCSS, la entrega final va de 15 a 22 días. La garantía es igual, si el producto es importado: Si ( x ) No ( ) Stock de repuestos y durabilidad del producto: Se cuenta con un laboratorio de repuestos, se recomienda cambiar el producto cada año, sin embargo se pueden hacer ajustes para que dure un año más. El personal de la empresa asesora sobre el uso del producto en caso de requerirse, entre otros. Si ( x ) No ( ) Se capacitan constantemente, para estar actualizados con la tecnología. Imágenes: Imágenes anexas 10. Perfil de la persona usuaria: Detalle las principales características de las personas usuarias a las cuales se dirige el producto. Género: Hombre ( x ) Mujer ( x ) Grupo etario (edad): toda edad Tipo de discapacidad: Auditiva Otra: No 11. Procedimiento, requisitos y trámites (describa todas las acciones que se deben llevar a cabo para solicitar y obtener el producto de apoyo. Refiérase a formas para llevar a cabo la solicitud y/o envío de los mismos, sea por medio de correo electrónico, página web, redes sociales, apartado postal, llamadas a servicio al cliente, profesional a cargo, según corresponda). Describa las acciones que deben realizarse para solicitar y obtener el producto de apoyo: Visitan la empresa Entregan el diagnóstico médico de referencia Se comprueba si es asegurado o no por la CCSS Se define el tipo de audífono que requiere, con base en exámen médico o si es referencia de otra entidad o médico. Adquiere el audífono, compra Se le apoya y asesora para uso y mantenimiento. Se le entrega garantía y explica la misma. 12. Horario: Indique el horario y forma de atención, aSi como los días de la semana que atienden para la obtención de productos de apoyo. Horario: Día: Lunes a Viernes Horario: 8:30 a.m. a 5:30 a.m. Forma de atención: Virtual: ( x ) Presencial: ( x ) Ambas: ( x ) Días de la semana en que se pueden realizar trámites: Lunes a Viernes 13. Observaciones: Consignar en este último apartado, algún detalle o característica del producto de apoyo, que no quede reflejado en los ítems anteriores de esta ficha. Líder en servicios auditivos en Costa Rica con más de 40 años de experiencia. Servicios médicos y técnicos especializados de audiología, para personas con problemas de audición, para el tratamiento y la prevención de la discapacidad auditiva. El equipo médico audiológico que utilizan es de las marcas: Interacoustics y Maico. Hay personal capacitado en LESCO. Para uso interno (BVA Consultores): 14. Clasificación del producto de apoyo: Según información de la pregunta N° 7 y la Norma UNE-EN ISO 9999:2011 Productos de apoyo para Personas con Discapacidad Clasificación y Terminología: Clase: 22 Productos de apoyo para la comunicación y la información. Subclase: 2206 Productos de apoyo para la audición";{};1;1;0;4
23;"No brinda información";" Ayudas Técnicas que entrega la CCSS como institución en cada uno de sus hospitales. ";" No se dispone información. ";" http://www.ccss.sa.cr ";" 2539-0000 6221-6222 2284-9200 1196-2539 0000-9633 645-9815 9823-2539";"No brinda información";[];{'facebook': 'https://www.facebook.com/ccssdecostarica/?hc_ref=SEARCH'};['https://www.google.es/maps/place/Oficinas+Centrales+CCSS/@9.947317,-84.1718973,12z/data=!4m8!1m2!2m1!1sccss+san+jose!3m4!1s0x8fa0e366e902b129:0xd77689b5536197d4!8m2!3d9.9326124!4d-84.076277'];"n";" NACIONAL DE PERSONAS CON DISCAPACIDAD -CONAPDIS- BVA CONSULTORES CATÁLOGO DE PRODUCTOS Y SERVICIOS DE APOYO PARA PERSONAS CON DISCAPACIDAD Y SUS FAMILIAS, DISPONIBLES EN COSTA RICA. ___________________________________________________________________ Ficha Técnica PRODUCTOS DE APOYO PARA PERSONAS CON DISCAPACIDAD Y SUS FAMILIAS Datos de la persona que aplica la ficha técnica: Nombre de la persona que llena la ficha técnica: Carmen Fonseca Arce Profesión u ocupación: Encargada Ayudas Técnicas del CENARE Correo electrónico: cafoar@gmail.com Fecha de llenado: 6 / 9 / 2017 Fuentes de Información: Cite las fuentes de información utilizadas para el llenado de la ficha técnica de la entidad. Entrevista personal Nombre del ente que brinda el servicio de apoyo (institución, municipalidad, empresa u organización no gubernamental): Ayudas Técnicas que entrega la CCSS como institución en cada uno de sus hospitales. 4. Descripción del ente (CCSS):";"Proporcionar los servicios de salud en forma integral al individuo, la familia y la comunidad, y otorgar la protección económica, social y de pensiones, conforme la legislación vigente, a la población costarricense, mediante: El respeto a las personas y a los principios filosóficos de la CCSS: Universalidad, Solidaridad, Unidad, Igualdad, Obligatoriedad, Equidad y Subsidiaridad. El fomento de los principios éticos, la mística, el compromiso y la excelencia en el trabajo en los funcionarios de la Institución. La orientación de los servicios a la satisfacción de los clientes. La capacitación continua y la motivación de los funcionarios. La gestión innovadora, con apertura al cambio, para lograr mayor eficiencia y calidad en la prestación de servicios. El aseguramiento de la sostenibilidad financiera, mediante un sistema efectivo de recaudación. La promoción de la investigación y el desarrollo de las ciencias de la salud y de la gestión administrativa.";"Seremos una Institución articulada, líder en la prestación de los servicios integrales de salud, de pensiones y prestaciones sociales en respuesta a los problemas y necesidades de la población, con servicios oportunos, de calidad y en armonía con el ambiente humano.";"La CCSS busca proporcionar los servicios de salud en forma integral al individuo, la familia y la comunidad, y otorgar la protección económica, social y de pensiones, conforme la legislación vigente, a la población costarricense.";{};1;1;0;3
24;"No brinda información";" Hospital Express ";" recepcion@hospitalexpress.net ";" http://www.hospitalexpress.net ";" 2280-1492 2280-7749 8376-1409 8383-7098";"No brinda información";[];{'facebook': 'https://www.facebook.com/hospitalexpress/'};['https://www.google.co.cr/maps/place/Hospital+Express+S.A./@9.9299933,-84.0562257,17z/data=!3m1!4b1!4m5!3m4!1s0x8fa0e3847d3f6bd5:0x8059134bbd9264e7!8m2!3d9.929988!4d-84.054037'];"n";"Trabajamos en equipo Somos responsables Cumplimos nuestros compromisos Actuamos con excelencia y profesionalismo Proyectamos confianza y seguridad Poseemos un equipo solidario y entregado Tenemos integridad Brindamos soluciones de salud Nos preocupamos por el bienestar físico, emocional y económico del paciente Vendemos tranquilidad y paz a sus familiares.";"Somos una empresa familiar enfocada al bienestar de la familia costarricense, líderes en la prestación de servicios de salud a domicilio y/o en su empresa.";"Convertirnos en la principal compañía de servicios de salud domiciliaria y empresarial de Costa Rica.";"Brindar un servicio cálido y personalizado en la atención de pacientes a domicilio y en las empresas, a un precio competitivo y con la mejor calidad, tanto en servicios de salud como en el alquiler y venta de equipo médico.";{};1;1;0;4
